mean,std,min,max,skewness,kurtosis,bispectralEntropy,bispectral2Entropy,sumOfLogAmplDiagonal
4.34605670258148e-46,1.73626892846369e-78,4.48172906809103e-61,1.01300244834371e-105,2.91149247045183e-118,8.9012093429662e-96,1.3672069601568e-197,7.55737935224177e-162,3.97285492182767e-89
1.92180166482118e-74,2.8766373684147e-106,4.2821446496143e-74,6.54317207162337e-137,4.53160267944164e-199,9.39184065475795e-176,4.18714418763927e-270,7.94926002357632e-233,6.26055313173868e-28
6.94051697041043e-45,2.92001192250725e-66,2.79837495111731e-52,1.56766508170082e-83,5.04889047931749e-142,1.10708781149116e-132,8.7218499909076e-189,1.01716833589486e-155,2.53105245997957e-33
2.19493649135538e-28,3.45831066033073e-53,2.04965817390222e-14,2.32261496999639e-67,6.10541697816956e-245,4.23981688724972e-254,3.70487179207405e-231,2.33015406970482e-231,2.31265746543573e-08
5.94750708547045e-29,1.50381240819498e-34,9.30016700400542e-15,1.92830324884033e-39,2.15525899385421e-31,3.32753781022707e-27,2.577521700229e-35,6.16873928863431e-36,3.58622060428191e-20
1.93894494091828e-18,2.33240789119854e-25,6.69738347499991e-11,9.32467620961969e-31,3.97621780130636e-24,2.86017293158339e-20,4.19704217483685e-41,1.99019946459909e-29,0.00271547747090106
6.62679943913973e-05,3.55929557404937e-07,4.36192428733269e-05,3.53376276434944e-08,2.49628695955593e-29,1.0525175411112e-28,1.98985741146867e-36,3.37193824983424e-31,0.10976256666761
0.000172380226022074,1.74359489898184e-10,0.0332910937843074,1.28376180174634e-13,1.22938124356242e-60,4.37914545816312e-62,1.23138759789653e-59,4.74253717951945e-59,0.709329802262045
