meanS1,meanS2,stdS1,stdS2,minS1,minS2,maxS1,maxS2,skewnessS1,skewnessS2,kurtosisS1,kurtosisS2,bispectralEntropyS1,bispectralEntropyS2,bispectral2EntropyS1,bispectral2EntropyS2,sumOfLogAmplDiagonal1,sumOfLogAmplDiagonal2
9.80797603199478e-20,5.5187422454911e-26,2.98997469325935e-13,9.60304587711857e-18,3.39043405393956e-08,1.45003745858041e-06,2.38326408527341e-11,2.8245908450222e-15,7.43605103439244e-25,5.16906031389914e-21,5.50688068185507e-22,3.64774034982682e-19,4.89995003420095e-27,1.59893077562177e-25,3.89812809363106e-28,2.37319495847877e-24,3.98351360035558e-20,1.3394531175421e-21
3.70272826404427e-14,1.07100973766392e-11,1.57225936254188e-11,9.57983206610945e-08,0.00191476707809715,0.401646002281843,2.33407927076463e-10,1.38875364498458e-05,4.04799228914682e-16,4.86699265882084e-40,8.38688240295438e-14,4.44456898148973e-37,2.21816068251645e-26,9.27546798081529e-44,6.73926482272417e-20,3.3376104670281e-44,2.2853224870455e-19,7.49638308453445e-19
3.7449237455364e-13,0.000217866018337386,6.28922204797327e-11,0.00381153464594916,0.00123009982365443,0.912136837013337,1.91807243041814e-09,0.0208106736260042,6.75333978192565e-20,4.00770062431892e-33,3.69920583944389e-18,1.341319424821e-31,1.91607133790379e-09,1.40429936129983e-15,6.04289589580072e-22,5.54783157536423e-34,2.2958113640291e-11,0.0011179810786307
3.85394944316051e-20,1.14675028643431e-14,1.59430898278505e-20,1.32822688404515e-14,0.00603472279299933,0.398074703957666,7.15945406973245e-20,3.71998201735292e-13,3.53657749054872e-05,1.69073505202226e-09,1.6408425653632e-05,6.83634470325048e-13,5.43955192009534e-08,4.27300094719722e-05,0.000852446288478775,0.00419828092568299,7.09058966944479e-15,2.10887952631965e-13
