S1_skewness,S2_skewness,S1_kurtosis,S2_kurtosis
0.135247374080147,1.75937946926535e-08,3.32189066252979e-26,7.60695488611544e-48
0.888130526197848,0.0828488919923076,7.95182041037754e-39,0.739819859303575
4.07338065544448e-05,0.32081575095039,0.0471003860714795,2.53767795589848e-06
0.0091876129952455,0.832079646033244,1.5987428418792e-13,0.0434714834442323
5.75008406716446e-09,8.4211869129672e-15,2.30792254956223e-67,2.93772609546414e-59
1.68098333634161e-11,1.65038813078011e-14,1.13536229812704e-17,0.00303107639611659
8.58962262095471e-05,0.302170581777179,3.18186428060415e-76,6.76225722439979e-10
