skewness_normal,kurtosis_normal,skewness_abnormal,kurtosis_abnormal
1.90899879388239e-35,0,0.0418260800151961,1.94010306674451e-63
2.54900878861047e-08,8.43868236878366e-70,0.644271106087297,9.08905266718116e-104
0.172056128065494,3.61984718013927e-08,0.0015676045645045,0.0678768149709343
0.000405329439996869,0.0195588236207701,0.941889130436556,0.0428401688854008
4.73135870600744e-18,9.97494577219025e-63,2.84109803904824e-08,5.16160189610868e-12
1.68350432032656e-23,6.39260063626275e-13,1.97394185190324e-09,0.900660973122248
3.62947826959227e-27,0,4.74202722014217e-05,8.23800740471651e-38
