Class,GroupCount,std_S1_skewness1,std_S1_skewness2,std_S1_skewness3,std_S1_skewness4,std_S1_skewness5,std_S1_skewness6,std_S1_skewness7,std_S2_skewness1,std_S2_skewness2,std_S2_skewness3,std_S2_skewness4,std_S2_skewness5,std_S2_skewness6,std_S2_skewness7,std_S1_kurtosis1,std_S1_kurtosis2,std_S1_kurtosis3,std_S1_kurtosis4,std_S1_kurtosis5,std_S1_kurtosis6,std_S1_kurtosis7,std_S2_kurtosis1,std_S2_kurtosis2,std_S2_kurtosis3,std_S2_kurtosis4,std_S2_kurtosis5,std_S2_kurtosis6,std_S2_kurtosis7
-1,66128,0.94687348898784,0.471080073302312,0.333791832595676,0.373718841649584,0.505327554072146,0.683519463052516,0.64585673974315,0.976483905735886,0.509264415857641,0.342839939682359,0.39825803796598,0.540722486949107,0.66303904659808,0.55274379398139,3.62763219788933,1.29449639597953,0.703482980355148,0.488019964590395,0.51360450473375,0.530583656575165,0.494454966974909,3.86918925989281,1.36111331121717,0.688613773564255,0.503605157032433,0.556973457768391,0.529626320860972,0.448379029342525
1,16679,1.05934021500663,0.546852617312561,0.37286688227465,0.421930467148266,0.54600548136525,0.66013361672722,0.586994571045868,1.08962718286387,0.634511336670571,0.39987639044354,0.433626511488048,0.568996537586116,0.645735709265731,0.527666803641943,4.44247049943262,1.5729326179149,0.769821290370582,0.5556157178355,0.545882106487815,0.526642443927962,0.464149792332745,4.40851477264023,1.90570796068293,0.828276976569436,0.561365228966672,0.559341252315416,0.520208313923481,0.433179516000088
