Class,GroupCount,mean_S1_skewness1,mean_S1_skewness2,mean_S1_skewness3,mean_S1_skewness4,mean_S1_skewness5,mean_S1_skewness6,mean_S1_skewness7,mean_S2_skewness1,mean_S2_skewness2,mean_S2_skewness3,mean_S2_skewness4,mean_S2_skewness5,mean_S2_skewness6,mean_S2_skewness7,mean_S1_kurtosis1,mean_S1_kurtosis2,mean_S1_kurtosis3,mean_S1_kurtosis4,mean_S1_kurtosis5,mean_S1_kurtosis6,mean_S1_kurtosis7,mean_S2_kurtosis1,mean_S2_kurtosis2,mean_S2_kurtosis3,mean_S2_kurtosis4,mean_S2_kurtosis5,mean_S2_kurtosis6,mean_S2_kurtosis7
-1,66128,-0.00426580034745719,-0.000508872556472012,0.0113681683449735,0.00388754455531524,0.0219545191361174,0.0453798094890083,0.0283500050679289,-0.0633935393923635,0.0103937905688057,0.00878144714668861,-0.00263302125101254,-0.00470478974303156,0.00567585115208127,-0.0128530703135693,7.03543891754592,3.88226413977359,2.50192483212974,1.96524621797118,1.88345881690577,2.18218310796408,2.18958049313684,7.77025405391661,3.99652966457246,2.51459161355053,1.9766703660972,1.93468930594688,2.1676583921503,2.08112691816149
1,16679,-0.012946220865292,0.00189325029087015,-0.00198164711628447,-0.00540733080397641,-0.00545453067128365,0.00756937095199642,0.00818919887470159,-0.0289477659585686,0.00905123264315731,0.0149384831740353,-0.00577704988504626,-0.0391945544225611,-0.0385918907368016,-0.0183549339684327,7.08646462197439,3.84165724966003,2.51007123029515,2.01157899611616,1.95381319716216,2.15008949182643,2.11510300628456,7.56593630747756,4.19413591647708,2.53589250627672,2.00608904793786,1.99221915278044,2.15157380227867,2.05462703774389
