Class,GroupCount,mean_Cepstrum_Pitch,mean_S1_S1_interval,mean_Relative_percentage_error
-1,2295,0.800884531590413,0.806409107077858,6.43205294346282
1,572,0.864648601398601,0.884470295983729,11.2107435478513
