Diagnosis,GroupCount,std_Cepstrum_Pitch,std_S1_S1_interval,std_Relative_percentage_error
AD,13,0.269443437525654,0.197644580048245,16.7459847533279
AS,8,0.187456852178232,0.139725062582413,22.6756911253814
Benign,114,0.205991405002607,0.151148529466899,14.1719477867529
CAD,219,0.285717565581918,0.215989401640894,15.7838244041311
MPC,80,0.277848814228238,0.230135600210293,15.6598252834652
MR,12,0.165097078879505,0.144306538218592,10.2409730982328
MVP,126,0.223866976126449,0.162854188513504,12.7017210667184
Normal,2295,0.208584152544292,0.180839045338162,10.3488369000017
