Class,GroupCount,std_Cepstrum_Pitch,std_S1_S1_interval,std_Relative_percentage_error
-1,2295,0.208584152544292,0.180839045338162,10.3488369000017
1,572,0.254471305119829,0.19560601200118,14.8537521773484
